Name,Phone Number,Salary,Age,Email,Department,Position
Annette Baker,-677,QT2b3b32394e_Salary,50,annette.baker@company.com,Engineering,Junior Developer
William Boone,-678,QTdda4a2a737_Salary,33,w.boone@company.com,Marketing,Marketing Manager
Richard Thomas,-679,QT009388d096_Salary,41,r.thomas@company.com,Engineering,Senior Developer
Pamela Schmidt,-680,QT71e7c34d05_Salary,53,pamela.schmidt@company.com,Sales,Junior Representative
Katherine Johnson,-681,QT08c83e9767_Salary,40,k.johnson@company.com,Engineering,Senior Developer
Justin Gonzalez,-682,QT4b868681c9_Salary,42,j.gonzalez@company.com,Sales,Sales Representative
Joseph Johnson,-683,QT8b97d35cfd_Salary,32,joseph.johnson@company.com,Sales,Sales Representative
Daniel Fuller,-684,QT23d4ced9fe_Salary,51,d.fuller@company.com,Marketing,Social Media Coordinator
Gina Watson,-685,QTa59d5c5f7a_Salary,32,g.watson@company.com,Finance,Senior Analyst
Jennifer Cooke,-686,QT2ba090bd60_Salary,32,jennifer.cooke@company.com,HR,HR Manager
Curtis Cummings,-687,QTa76b86ee4b_Salary,50,c.cummings@company.com,Engineering,Developer
Brian Fox,-688,QT1bb3b79d51_Salary,51,b.fox@company.com,Engineering,Senior Developer
April Hurst,-689,QT5262387367_Salary,24,april.hurst@company.com,Finance,Finance Director
Bradley Reynolds,-690,QTe0c2ea0ed8_Salary,41,b.reynolds@company.com,Engineering,Team Lead
Larry Johnson,-691,QTe22dcd7797_Salary,34,l.johnson@company.com,Finance,Accountant
Eric Reed,-692,QT1ae5e5f7d5_Salary,26,eric.reed@company.com,Finance,Accountant
Alexandra Mathis,-693,QT75d10e0dfd_Salary,32,a.mathis@company.com,Finance,Finance Director
Dawn Lucas,-694,QTcf79ad9036_Salary,36,d.lucas@company.com,Finance,Senior Analyst
Margaret Caldwell,-695,QT0814190727_Salary,40,margaret.caldwell@company.com,Sales,Account Executive
Melinda King,-696,QT35dd7bf4c5_Salary,38,m.king@company.com,Marketing,Brand Strategist
David Ramirez,-697,QTd08d748886_Salary,42,d.ramirez@company.com,Engineering,Developer
Brandon Young,-698,QTeb0bd15d6d_Salary,29,brandon.young@company.com,HR,HR Specialist
Mark Hodges,-699,QTd874ffe20f_Salary,39,m.hodges@company.com,Sales,Junior Representative
Peter Johnson,-700,QT88f8442069_Salary,39,p.johnson@company.com,Sales,Account Executive
Frank Robinson,-701,QTaf345d646e_Salary,31,frank.robinson@company.com,Marketing,Marketing Manager
Robert Santana,-702,QT78a4371064_Salary,22,r.santana@company.com,Sales,Sales Representative
James Barker,-703,QT52b2a9b990_Salary,22,j.barker@company.com,Finance,Financial Analyst
Nicole Morgan,-704,QT6ba1c02489_Salary,23,nicole.morgan@company.com,Marketing,Brand Strategist
Justin Garcia,-705,QT4f4decb983_Salary,51,j.garcia@company.com,HR,HR Specialist
Joseph Williams,-706,QT3ceff555e9_Salary,37,j.williams@company.com,Finance,Senior Analyst
Michael Cole,-707,QT144f9df17a_Salary,35,michael.cole@company.com,Sales,Sales Representative
Rebecca Parker,-708,QT4c57889176_Salary,54,r.parker@company.com,Engineering,Team Lead
Emily Johnson,-709,QTf38841e2b0_Salary,33,e.johnson@company.com,Sales,Account Executive
William Garcia,-710,QT4fb0348954_Salary,36,william.garcia@company.com,Sales,Sales Representative
Whitney Owens,-711,QTb6d162a0be_Salary,35,w.owens@company.com,HR,HR Manager
Lucas Smith,-712,QTa5c72bd5d0_Salary,49,l.smith@company.com,Sales,Sales Manager
Danielle Howard,-713,QTc1987d98dc_Salary,32,danielle.howard@company.com,Finance,Accountant
Jennifer Caldwell,-714,QTe1c7dbc49e_Salary,32,j.caldwell@company.com,Finance,Finance Director
Caitlin Hunter,-715,QT831552b262_Salary,31,c.hunter@company.com,Engineering,Team Lead
Rachel Sandoval,-716,QT367863c5f5_Salary,37,rachel.sandoval@company.com,Finance,Financial Analyst
Richard Cobb,-717,QT6fe7fb5eb5_Salary,36,r.cobb@company.com,HR,HR Director
David Walters,-718,QTfaba0e7b73_Salary,23,d.walters@company.com,Sales,Account Executive
Elizabeth Berger,-719,QT88c5b3d8fc_Salary,53,elizabeth.berger@company.com,Marketing,Social Media Coordinator
Christopher Barton,-720,QTd7ef359338_Salary,48,c.barton@company.com,Marketing,Marketing Manager
Heather Thomas,-721,QTf6fd98489a_Salary,24,h.thomas@company.com,Marketing,Marketing Manager
Connie Baker,-722,QT45d5ada235_Salary,33,connie.baker@company.com,Engineering,Developer
Lisa Massey,-723,QTad9be47276_Salary,54,l.massey@company.com,Finance,Financial Analyst
Keith Patrick,-724,QT1f10da310a_Salary,27,k.patrick@company.com,Finance,Accountant
Kristin Oconnor,-725,QT49424ac197_Salary,37,kristin.oconnor@company.com,Finance,Senior Analyst
Cheryl Morris,-726,QT68c6974c0c_Salary,29,c.morris@company.com,Engineering,Senior Developer
Kristi Bautista,-727,QTdea23e9f56_Salary,34,k.bautista@company.com,Finance,Senior Analyst
Andrew Bailey,-728,QTb08a7d8c30_Salary,37,andrew.bailey@company.com,HR,HR Specialist
Jennifer Munoz,-729,QTaf4120e237_Salary,47,j.munoz@company.com,Sales,Junior Representative
Stephanie Vasquez,-730,QT97c7bd1a21_Salary,38,s.vasquez@company.com,Marketing,Content Specialist
Jonathan Finley,-731,QTcd7bc6ae80_Salary,36,jonathan.finley@company.com,HR,HR Manager
Aaron Allen,-732,QT03d0d0bae5_Salary,40,a.allen@company.com,HR,HR Director
Dana Yang,-733,QT051cda91e8_Salary,47,d.yang@company.com,Marketing,Content Specialist
Lisa Smith,-734,QT9cc69de849_Salary,47,lisa.smith@company.com,Engineering,Developer
Brandon Doyle,-735,QT46c50d8175_Salary,43,b.doyle@company.com,Sales,Junior Representative
Jeffrey Vasquez,-736,QT09b0326bc8_Salary,33,j.vasquez@company.com,Engineering,Team Lead
Jonathan Carter,-737,QT5fb42d006a_Salary,38,jonathan.carter@company.com,Finance,Finance Director
Paul Blanchard,-738,QT7282db0531_Salary,33,p.blanchard@company.com,HR,HR Director
Michael Wilson,-739,QTf4a2300636_Salary,26,m.wilson@company.com,Finance,Financial Analyst
Steven Cruz,-740,QT2d09bcd9fd_Salary,33,steven.cruz@company.com,HR,HR Specialist
Heather Savage,-741,QT5453afc2f6_Salary,46,h.savage@company.com,HR,HR Director
Shannon Gibson,-742,QTa8032f876e_Salary,35,s.gibson@company.com,HR,HR Specialist
William Anderson,-743,QT52a13fb37d_Salary,48,william.anderson@company.com,Engineering,Team Lead
Mike Pratt,-744,QT6d78d950db_Salary,31,m.pratt@company.com,Engineering,Developer
Monique Graham,-745,QTa52527fd7a_Salary,32,m.graham@company.com,Finance,Finance Director
Robert Webb,-746,QTde1bff2e4f_Salary,44,robert.webb@company.com,Finance,Senior Analyst
Jessica Clarke,-747,QT7b066c115f_Salary,39,j.clarke@company.com,Marketing,Social Media Coordinator
Richard Colon,-748,QT1a644038bd_Salary,55,r.colon@company.com,Engineering,Developer
Heather Moore,-749,QT4ee95b5e5a_Salary,50,heather.moore@company.com,HR,HR Manager
Breanna Walls,-750,QTcb0799f47e_Salary,50,b.walls@company.com,HR,HR Manager
Oscar Fernandez,-751,QTc431f920ca_Salary,53,o.fernandez@company.com,HR,HR Specialist
Jeremy Ward,-752,QTa439218037_Salary,51,jeremy.ward@company.com,Marketing,Marketing Manager
Jessica Allen,-753,QTc925f4d6ce_Salary,39,j.allen@company.com,Finance,Senior Analyst
Suzanne Gonzalez,-754,QT5def733851_Salary,49,s.gonzalez@company.com,Engineering,Team Lead
Sheena Pace,-755,QTd64c2d060e_Salary,48,sheena.pace@company.com,Engineering,Developer
Kelly Moran,-756,QTa9c698f663_Salary,30,k.moran@company.com,Marketing,Brand Strategist
Andrew Wallace,-757,QT59081d489b_Salary,42,a.wallace@company.com,Marketing,Content Specialist
Jill Smith,-758,QT1c4b385b11_Salary,28,jill.smith@company.com,Finance,Finance Director
Troy Perry,-759,QT50e770207c_Salary,48,t.perry@company.com,Marketing,Marketing Manager
Kenneth Newman,-760,QTcb70a66139_Salary,33,k.newman@company.com,Finance,Finance Director
Logan Greene,-761,QTb75d2e09a4_Salary,45,logan.greene@company.com,Marketing,Social Media Coordinator
David Peterson,-762,QTae4b493fb0_Salary,46,d.peterson@company.com,Engineering,Senior Developer
Angela Powers,-763,QT059d7f72fb_Salary,47,a.powers@company.com,Sales,Sales Representative
Christopher Smith,-764,QT10de970a92_Salary,29,christopher.smith@company.com,HR,HR Manager
Melissa Green,-765,QTb5c0402a83_Salary,49,m.green@company.com,HR,HR Specialist
Kimberly Glass,-766,QT308c7e42ca_Salary,33,k.glass@company.com,Sales,Junior Representative
James Smith,-767,QTa04e068dbf_Salary,22,james.smith@company.com,Sales,Junior Representative
Rachel Romero,-768,QTb20d3ea090_Salary,33,r.romero@company.com,Engineering,Senior Developer
Laura Johnson,-769,QTa89156baa6_Salary,55,l.johnson@company.com,Finance,Senior Analyst
Devin Warren,-770,QT31e6376f05_Salary,44,devin.warren@company.com,Marketing,Brand Strategist
Shaun Burgess,-771,QT324f68ffb4_Salary,54,s.burgess@company.com,HR,HR Director
Patrick Reyes,-772,QT955bb47bc1_Salary,52,p.reyes@company.com,Marketing,Content Specialist
Jennifer Ryan,-773,QT275b70a8b2_Salary,54,jennifer.ryan@company.com,Finance,Senior Analyst
Melody Alvarado,-774,QTfc93b1f710_Salary,43,m.alvarado@company.com,Sales,Junior Representative
Juan Lopez,-775,QTca272e3041_Salary,47,j.lopez@company.com,Marketing,Social Media Coordinator
Robert Smith,-776,QT7390ffcc77_Salary,32,robert.smith@company.com,Finance,Accountant
Erik Sosa,-777,QT7884042ce2_Salary,34,e.sosa@company.com,Marketing,Content Specialist
Peter Smith,-778,QTea91e69a44_Salary,50,p.smith@company.com,Sales,Account Executive
Jennifer Davis,-779,QTe35c8c4da3_Salary,43,jennifer.davis@company.com,Marketing,Marketing Manager
Alyssa Greene,-780,QTd370cdfd9b_Salary,46,a.greene@company.com,Finance,Senior Analyst
Thomas Watson,-781,QTfd14dc0bf1_Salary,23,t.watson@company.com,HR,HR Director
Austin Huff,-782,QT32e6a5b676_Salary,34,austin.huff@company.com,Finance,Senior Analyst
Paul Hughes,-783,QTc2a498bd7a_Salary,42,p.hughes@company.com,Engineering,Senior Developer
Colleen Parker,-784,QTc883d5a489_Salary,51,c.parker@company.com,Sales,Junior Representative
Brent Murphy,-785,QTa4e2ba3256_Salary,29,brent.murphy@company.com,Marketing,Social Media Coordinator
Ricky Woodard,-786,QTe5d9be8be9_Salary,32,r.woodard@company.com,Engineering,Junior Developer
Gregory Marquez,-787,QTf9d66f0c88_Salary,22,g.marquez@company.com,HR,HR Specialist
Amanda Holmes,-788,QT19b81478b2_Salary,38,amanda.holmes@company.com,Marketing,Content Specialist
Corey Phillips,-789,QT56b933af41_Salary,22,c.phillips@company.com,HR,HR Manager
Christopher Smith,-790,QTa10d9daead_Salary,41,c.smith@company.com,Engineering,Junior Developer
Matthew Smith,-791,QT58356e8106_Salary,54,matthew.smith@company.com,Finance,Financial Analyst
Kristin Hodges,-792,QTee61479b1d_Salary,41,k.hodges@company.com,HR,HR Director
Douglas Wilson,-793,QT65c4dadabb_Salary,43,d.wilson@company.com,HR,HR Manager
Nancy Wood,-794,QTf3e3104cba_Salary,40,nancy.wood@company.com,Engineering,Team Lead
John Anderson,-795,QTd49d5a8b3d_Salary,53,j.anderson@company.com,HR,HR Specialist
Jeffery Stone,-796,QT2fc9698521_Salary,49,j.stone@company.com,Engineering,Developer
Dominique Schultz,-797,QTf2d7e74879_Salary,55,dominique.schultz@company.com,Marketing,Marketing Manager
Loretta Clarke,-798,QT846ec31d49_Salary,22,l.clarke@company.com,Finance,Senior Analyst
Elizabeth Johnson,-799,QTf3d2b226d7_Salary,41,e.johnson@company.com,HR,HR Manager
Michelle Perez,-800,QTa87285b794_Salary,26,michelle.perez@company.com,HR,HR Manager
Melissa Butler,-801,QT3df6a306db_Salary,37,m.butler@company.com,Sales,Sales Manager
Shannon Williams,-802,QTcc0ec94d56_Salary,29,s.williams@company.com,Marketing,Marketing Manager
Monica Miller,-803,QT22d4f3bc14_Salary,50,monica.miller@company.com,Finance,Financial Analyst
William Walsh,-804,QTe9b7edf3f7_Salary,34,w.walsh@company.com,Engineering,Developer
Steven Keller,-805,QTf5dd9f8f9a_Salary,26,s.keller@company.com,Sales,Sales Representative
Carol Morgan,-806,QT626612e451_Salary,42,carol.morgan@company.com,Marketing,Content Specialist
Stephanie Lewis,-807,QT43926b43f8_Salary,46,s.lewis@company.com,HR,HR Director
Cathy Boyd,-808,QT0930961b02_Salary,55,c.boyd@company.com,Finance,Accountant
Chad Houston,-809,QT205cfe60e0_Salary,39,chad.houston@company.com,Finance,Financial Analyst
Holly Jennings,-810,QTde18886138_Salary,54,h.jennings@company.com,Finance,Accountant
Christopher Sparks,-811,QT46f2a8636f_Salary,42,c.sparks@company.com,Finance,Accountant
Matthew Clark,-812,QT9678fb3710_Salary,50,matthew.clark@company.com,Sales,Junior Representative
Preston Greene,-813,QT6905a79b34_Salary,49,p.greene@company.com,Engineering,Senior Developer
Jerry Morse,-814,QT2bdc33c550_Salary,50,j.morse@company.com,Marketing,Content Specialist
Pamela York,-815,QTc80c74fd0d_Salary,40,pamela.york@company.com,HR,HR Specialist
David Martinez,-816,QT4ca848f254_Salary,48,d.martinez@company.com,Engineering,Developer
Nathaniel Thomas,-817,QT4bffeef6ff_Salary,47,n.thomas@company.com,Marketing,Marketing Manager
Amy Evans,-818,QT1816d64a79_Salary,47,amy.evans@company.com,Marketing,Brand Strategist
Lorraine White,-819,QT2445825b1b_Salary,50,l.white@company.com,HR,HR Specialist
Michael Henry,-820,QTfdc6d89db0_Salary,32,m.henry@company.com,Sales,Sales Manager
Deborah Le,-821,QTeb8a617782_Salary,55,deborah.le@company.com,HR,HR Director
Natalie Weber,-822,QT46cdafa2e6_Salary,23,n.weber@company.com,Engineering,Team Lead
Tammy Bryant,-823,QT7cb654d8d5_Salary,24,t.bryant@company.com,Marketing,Brand Strategist
Erin Nicholson,-824,QT01210bfcc3_Salary,38,erin.nicholson@company.com,Engineering,Team Lead
Stacy Mccann,-825,QTf5a05bb1de_Salary,49,s.mccann@company.com,Engineering,Team Lead
Diane Freeman,-826,QT3b99236d5e_Salary,30,d.freeman@company.com,HR,HR Manager
