Name,Phone Number,Salary,Age,Email,Department,Position
Annette Baker,-677,63157,50,annette.baker@company.com,Engineering,Junior Developer
William Boone,-678,103801,33,w.boone@company.com,Marketing,Marketing Manager
Richard Thomas,-679,95474,41,r.thomas@company.com,Engineering,Senior Developer
Pamela Schmidt,-680,62918,53,pamela.schmidt@company.com,Sales,Junior Representative
Katherine Johnson,-681,112901,40,k.johnson@company.com,Engineering,Senior Developer
Justin Gonzalez,-682,71877,42,j.gonzalez@company.com,Sales,Sales Representative
Joseph Johnson,-683,84144,32,joseph.johnson@company.com,Sales,Sales Representative
Daniel Fuller,-684,74324,51,d.fuller@company.com,Marketing,Social Media Coordinator
Gina Watson,-685,105203,32,g.watson@company.com,Finance,Senior Analyst
Jennifer Cooke,-686,111420,32,jennifer.cooke@company.com,HR,HR Manager
Curtis Cummings,-687,83914,50,c.cummings@company.com,Engineering,Developer
Brian Fox,-688,80630,51,b.fox@company.com,Engineering,Senior Developer
April Hurst,-689,136340,24,april.hurst@company.com,Finance,Finance Director
Bradley Reynolds,-690,86973,41,b.reynolds@company.com,Engineering,Team Lead
Larry Johnson,-691,93894,34,l.johnson@company.com,Finance,Accountant
Eric Reed,-692,75148,26,eric.reed@company.com,Finance,Accountant
Alexandra Mathis,-693,126201,32,a.mathis@company.com,Finance,Finance Director
Dawn Lucas,-694,113955,36,d.lucas@company.com,Finance,Senior Analyst
Margaret Caldwell,-695,70949,40,margaret.caldwell@company.com,Sales,Account Executive
Melinda King,-696,88555,38,m.king@company.com,Marketing,Brand Strategist
David Ramirez,-697,85534,42,d.ramirez@company.com,Engineering,Developer
Brandon Young,-698,72705,29,brandon.young@company.com,HR,HR Specialist
Mark Hodges,-699,72690,39,m.hodges@company.com,Sales,Junior Representative
Peter Johnson,-700,71966,39,p.johnson@company.com,Sales,Account Executive
Frank Robinson,-701,90009,31,frank.robinson@company.com,Marketing,Marketing Manager
Robert Santana,-702,76753,22,r.santana@company.com,Sales,Sales Representative
James Barker,-703,87979,22,j.barker@company.com,Finance,Financial Analyst
Nicole Morgan,-704,88501,23,nicole.morgan@company.com,Marketing,Brand Strategist
Justin Garcia,-705,91363,51,j.garcia@company.com,HR,HR Specialist
Joseph Williams,-706,92538,37,j.williams@company.com,Finance,Senior Analyst
Michael Cole,-707,84116,35,michael.cole@company.com,Sales,Sales Representative
Rebecca Parker,-708,84926,54,r.parker@company.com,Engineering,Team Lead
Emily Johnson,-709,85349,33,e.johnson@company.com,Sales,Account Executive
William Garcia,-710,90447,36,william.garcia@company.com,Sales,Sales Representative
Whitney Owens,-711,102786,35,w.owens@company.com,HR,HR Manager
Lucas Smith,-712,89247,49,l.smith@company.com,Sales,Sales Manager
Danielle Howard,-713,79609,32,danielle.howard@company.com,Finance,Accountant
Jennifer Caldwell,-714,124982,32,j.caldwell@company.com,Finance,Finance Director
Caitlin Hunter,-715,85898,31,c.hunter@company.com,Engineering,Team Lead
Rachel Sandoval,-716,94627,37,rachel.sandoval@company.com,Finance,Financial Analyst
Richard Cobb,-717,146026,36,r.cobb@company.com,HR,HR Director
David Walters,-718,83367,23,d.walters@company.com,Sales,Account Executive
Elizabeth Berger,-719,81279,53,elizabeth.berger@company.com,Marketing,Social Media Coordinator
Christopher Barton,-720,87058,48,c.barton@company.com,Marketing,Marketing Manager
Heather Thomas,-721,116855,24,h.thomas@company.com,Marketing,Marketing Manager
Connie Baker,-722,86663,33,connie.baker@company.com,Engineering,Developer
Lisa Massey,-723,80462,54,l.massey@company.com,Finance,Financial Analyst
Keith Patrick,-724,73462,27,k.patrick@company.com,Finance,Accountant
Kristin Oconnor,-725,82498,37,kristin.oconnor@company.com,Finance,Senior Analyst
Cheryl Morris,-726,93415,29,c.morris@company.com,Engineering,Senior Developer
Kristi Bautista,-727,99858,34,k.bautista@company.com,Finance,Senior Analyst
Andrew Bailey,-728,74482,37,andrew.bailey@company.com,HR,HR Specialist
Jennifer Munoz,-729,56842,47,j.munoz@company.com,Sales,Junior Representative
Stephanie Vasquez,-730,78886,38,s.vasquez@company.com,Marketing,Content Specialist
Jonathan Finley,-731,81451,36,jonathan.finley@company.com,HR,HR Manager
Aaron Allen,-732,134309,40,a.allen@company.com,HR,HR Director
Dana Yang,-733,81440,47,d.yang@company.com,Marketing,Content Specialist
Lisa Smith,-734,93181,47,lisa.smith@company.com,Engineering,Developer
Brandon Doyle,-735,73391,43,b.doyle@company.com,Sales,Junior Representative
Jeffrey Vasquez,-736,78612,33,j.vasquez@company.com,Engineering,Team Lead
Jonathan Carter,-737,139182,38,jonathan.carter@company.com,Finance,Finance Director
Paul Blanchard,-738,133547,33,p.blanchard@company.com,HR,HR Director
Michael Wilson,-739,78821,26,m.wilson@company.com,Finance,Financial Analyst
Steven Cruz,-740,80059,33,steven.cruz@company.com,HR,HR Specialist
Heather Savage,-741,124648,46,h.savage@company.com,HR,HR Director
Shannon Gibson,-742,87607,35,s.gibson@company.com,HR,HR Specialist
William Anderson,-743,73600,48,william.anderson@company.com,Engineering,Team Lead
Mike Pratt,-744,89625,31,m.pratt@company.com,Engineering,Developer
Monique Graham,-745,130906,32,m.graham@company.com,Finance,Finance Director
Robert Webb,-746,102217,44,robert.webb@company.com,Finance,Senior Analyst
Jessica Clarke,-747,86256,39,j.clarke@company.com,Marketing,Social Media Coordinator
Richard Colon,-748,73628,55,r.colon@company.com,Engineering,Developer
Heather Moore,-749,105138,50,heather.moore@company.com,HR,HR Manager
Breanna Walls,-750,113242,50,b.walls@company.com,HR,HR Manager
Oscar Fernandez,-751,75357,53,o.fernandez@company.com,HR,HR Specialist
Jeremy Ward,-752,112575,51,jeremy.ward@company.com,Marketing,Marketing Manager
Jessica Allen,-753,116156,39,j.allen@company.com,Finance,Senior Analyst
Suzanne Gonzalez,-754,83982,49,s.gonzalez@company.com,Engineering,Team Lead
Sheena Pace,-755,83557,48,sheena.pace@company.com,Engineering,Developer
Kelly Moran,-756,81291,30,k.moran@company.com,Marketing,Brand Strategist
Andrew Wallace,-757,91864,42,a.wallace@company.com,Marketing,Content Specialist
Jill Smith,-758,122582,28,jill.smith@company.com,Finance,Finance Director
Troy Perry,-759,83128,48,t.perry@company.com,Marketing,Marketing Manager
Kenneth Newman,-760,148331,33,k.newman@company.com,Finance,Finance Director
Logan Greene,-761,73004,45,logan.greene@company.com,Marketing,Social Media Coordinator
David Peterson,-762,110190,46,d.peterson@company.com,Engineering,Senior Developer
Angela Powers,-763,79607,47,a.powers@company.com,Sales,Sales Representative
Christopher Smith,-764,83806,29,christopher.smith@company.com,HR,HR Manager
Melissa Green,-765,81527,49,m.green@company.com,HR,HR Specialist
Kimberly Glass,-766,66311,33,k.glass@company.com,Sales,Junior Representative
James Smith,-767,67446,22,james.smith@company.com,Sales,Junior Representative
Rachel Romero,-768,98904,33,r.romero@company.com,Engineering,Senior Developer
Laura Johnson,-769,89640,55,l.johnson@company.com,Finance,Senior Analyst
Devin Warren,-770,79238,44,devin.warren@company.com,Marketing,Brand Strategist
Shaun Burgess,-771,147120,54,s.burgess@company.com,HR,HR Director
Patrick Reyes,-772,73989,52,p.reyes@company.com,Marketing,Content Specialist
Jennifer Ryan,-773,106094,54,jennifer.ryan@company.com,Finance,Senior Analyst
Melody Alvarado,-774,64945,43,m.alvarado@company.com,Sales,Junior Representative
Juan Lopez,-775,94219,47,j.lopez@company.com,Marketing,Social Media Coordinator
Robert Smith,-776,85542,32,robert.smith@company.com,Finance,Accountant
Erik Sosa,-777,82043,34,e.sosa@company.com,Marketing,Content Specialist
Peter Smith,-778,73382,50,p.smith@company.com,Sales,Account Executive
Jennifer Davis,-779,100863,43,jennifer.davis@company.com,Marketing,Marketing Manager
Alyssa Greene,-780,95536,46,a.greene@company.com,Finance,Senior Analyst
Thomas Watson,-781,130548,23,t.watson@company.com,HR,HR Director
Austin Huff,-782,108294,34,austin.huff@company.com,Finance,Senior Analyst
Paul Hughes,-783,82189,42,p.hughes@company.com,Engineering,Senior Developer
Colleen Parker,-784,59378,51,c.parker@company.com,Sales,Junior Representative
Brent Murphy,-785,90212,29,brent.murphy@company.com,Marketing,Social Media Coordinator
Ricky Woodard,-786,55414,32,r.woodard@company.com,Engineering,Junior Developer
Gregory Marquez,-787,72241,22,g.marquez@company.com,HR,HR Specialist
Amanda Holmes,-788,78761,38,amanda.holmes@company.com,Marketing,Content Specialist
Corey Phillips,-789,83328,22,c.phillips@company.com,HR,HR Manager
Christopher Smith,-790,60978,41,c.smith@company.com,Engineering,Junior Developer
Matthew Smith,-791,82129,54,matthew.smith@company.com,Finance,Financial Analyst
Kristin Hodges,-792,149423,41,k.hodges@company.com,HR,HR Director
Douglas Wilson,-793,113855,43,d.wilson@company.com,HR,HR Manager
Nancy Wood,-794,88026,40,nancy.wood@company.com,Engineering,Team Lead
John Anderson,-795,72985,53,j.anderson@company.com,HR,HR Specialist
Jeffery Stone,-796,72361,49,j.stone@company.com,Engineering,Developer
Dominique Schultz,-797,100068,55,dominique.schultz@company.com,Marketing,Marketing Manager
Loretta Clarke,-798,91878,22,l.clarke@company.com,Finance,Senior Analyst
Elizabeth Johnson,-799,89245,41,e.johnson@company.com,HR,HR Manager
Michelle Perez,-800,91196,26,michelle.perez@company.com,HR,HR Manager
Melissa Butler,-801,84056,37,m.butler@company.com,Sales,Sales Manager
Shannon Williams,-802,104044,29,s.williams@company.com,Marketing,Marketing Manager
Monica Miller,-803,90758,50,monica.miller@company.com,Finance,Financial Analyst
William Walsh,-804,86906,34,w.walsh@company.com,Engineering,Developer
Steven Keller,-805,94436,26,s.keller@company.com,Sales,Sales Representative
Carol Morgan,-806,85339,42,carol.morgan@company.com,Marketing,Content Specialist
Stephanie Lewis,-807,149484,46,s.lewis@company.com,HR,HR Director
Cathy Boyd,-808,93989,55,c.boyd@company.com,Finance,Accountant
Chad Houston,-809,71406,39,chad.houston@company.com,Finance,Financial Analyst
Holly Jennings,-810,75182,54,h.jennings@company.com,Finance,Accountant
Christopher Sparks,-811,71970,42,c.sparks@company.com,Finance,Accountant
Matthew Clark,-812,58313,50,matthew.clark@company.com,Sales,Junior Representative
Preston Greene,-813,96048,49,p.greene@company.com,Engineering,Senior Developer
Jerry Morse,-814,86737,50,j.morse@company.com,Marketing,Content Specialist
Pamela York,-815,85013,40,pamela.york@company.com,HR,HR Specialist
David Martinez,-816,90591,48,d.martinez@company.com,Engineering,Developer
Nathaniel Thomas,-817,93331,47,n.thomas@company.com,Marketing,Marketing Manager
Amy Evans,-818,71500,47,amy.evans@company.com,Marketing,Brand Strategist
Lorraine White,-819,82251,50,l.white@company.com,HR,HR Specialist
Michael Henry,-820,82780,32,m.henry@company.com,Sales,Sales Manager
Deborah Le,-821,120284,55,deborah.le@company.com,HR,HR Director
Natalie Weber,-822,88691,23,n.weber@company.com,Engineering,Team Lead
Tammy Bryant,-823,75211,24,t.bryant@company.com,Marketing,Brand Strategist
Erin Nicholson,-824,92341,38,erin.nicholson@company.com,Engineering,Team Lead
Stacy Mccann,-825,77701,49,s.mccann@company.com,Engineering,Team Lead
Diane Freeman,-826,93016,30,d.freeman@company.com,HR,HR Manager
